city,week,rides_thousands,population_m,income_k,drivers_k,lyft_share_pct,is_treated_unit,post_period
Austin,1,97.10509572322474,1.8,72.0,9.5,38.0,1,0
Austin,2,93.09362250704991,1.8,72.0,9.5,38.0,1,0
Austin,3,95.90698835298465,1.8,72.0,9.5,38.0,1,0
Austin,4,97.47019726951937,1.8,72.0,9.5,38.0,1,0
Austin,5,97.89766748335246,1.8,72.0,9.5,38.0,1,0
Austin,6,95.20304977010456,1.8,72.0,9.5,38.0,1,0
Austin,7,97.90960684936157,1.8,72.0,9.5,38.0,1,0
Austin,8,97.46273715304541,1.8,72.0,9.5,38.0,1,0
Austin,9,97.71881014693656,1.8,72.0,9.5,38.0,1,0
Austin,10,96.70691302462374,1.8,72.0,9.5,38.0,1,0
Austin,11,97.8121980473536,1.8,72.0,9.5,38.0,1,0
Austin,12,97.84816813966398,1.8,72.0,9.5,38.0,1,0
Austin,13,96.17712737095965,1.8,72.0,9.5,38.0,1,0
Austin,14,93.80763639012694,1.8,72.0,9.5,38.0,1,0
Austin,15,98.57045918045553,1.8,72.0,9.5,38.0,1,0
Austin,16,98.62992068105622,1.8,72.0,9.5,38.0,1,0
Austin,17,98.40302461812769,1.8,72.0,9.5,38.0,1,0
Austin,18,97.1768899603134,1.8,72.0,9.5,38.0,1,0
Austin,19,97.32491206247461,1.8,72.0,9.5,38.0,1,0
Austin,20,96.07386331879331,1.8,72.0,9.5,38.0,1,0
Austin,21,110.0664281957558,1.8,72.0,9.5,38.0,1,1
Austin,22,107.97866537775688,1.8,72.0,9.5,38.0,1,1
Austin,23,109.37037495995045,1.8,72.0,9.5,38.0,1,1
Austin,24,107.9632381930804,1.8,72.0,9.5,38.0,1,1
Austin,25,105.48458770086549,1.8,72.0,9.5,38.0,1,1
Austin,26,109.80219902532382,1.8,72.0,9.5,38.0,1,1
Austin,27,110.52809431391542,1.8,72.0,9.5,38.0,1,1
Austin,28,111.54384876932562,1.8,72.0,9.5,38.0,1,1
Austin,29,109.10615596357617,1.8,72.0,9.5,38.0,1,1
Austin,30,108.78980305456547,1.8,72.0,9.5,38.0,1,1
Austin,31,109.78620184472895,1.8,72.0,9.5,38.0,1,1
Austin,32,108.3761197456221,1.8,72.0,9.5,38.0,1,1
Nashville,1,83.6426516673331,2.1027033068231193,80.58814039568102,3.5590580640256597,44.680788251921726,0,0
Nashville,2,84.53825330598906,2.1027033068231193,80.58814039568102,3.5590580640256597,44.680788251921726,0,0
Nashville,3,86.67510760129761,2.1027033068231193,80.58814039568102,3.5590580640256597,44.680788251921726,0,0
Nashville,4,85.51236659070966,2.1027033068231193,80.58814039568102,3.5590580640256597,44.680788251921726,0,0
Nashville,5,86.53387436731833,2.1027033068231193,80.58814039568102,3.5590580640256597,44.680788251921726,0,0
Nashville,6,86.27212183725922,2.1027033068231193,80.58814039568102,3.5590580640256597,44.680788251921726,0,0
Nashville,7,84.96584091210535,2.1027033068231193,80.58814039568102,3.5590580640256597,44.680788251921726,0,0
Nashville,8,86.52993995224287,2.1027033068231193,80.58814039568102,3.5590580640256597,44.680788251921726,0,0
Nashville,9,85.64968274635154,2.1027033068231193,80.58814039568102,3.5590580640256597,44.680788251921726,0,0
Nashville,10,85.79273034835975,2.1027033068231193,80.58814039568102,3.5590580640256597,44.680788251921726,0,0
Nashville,11,86.44619807015506,2.1027033068231193,80.58814039568102,3.5590580640256597,44.680788251921726,0,0
Nashville,12,84.64848079992778,2.1027033068231193,80.58814039568102,3.5590580640256597,44.680788251921726,0,0
Nashville,13,88.0601966126725,2.1027033068231193,80.58814039568102,3.5590580640256597,44.680788251921726,0,0
Nashville,14,85.97428967754159,2.1027033068231193,80.58814039568102,3.5590580640256597,44.680788251921726,0,0
Nashville,15,88.12992059134186,2.1027033068231193,80.58814039568102,3.5590580640256597,44.680788251921726,0,0
Nashville,16,87.24318263637426,2.1027033068231193,80.58814039568102,3.5590580640256597,44.680788251921726,0,0
Nashville,17,89.06803698330508,2.1027033068231193,80.58814039568102,3.5590580640256597,44.680788251921726,0,0
Nashville,18,86.58763399120033,2.1027033068231193,80.58814039568102,3.5590580640256597,44.680788251921726,0,0
Nashville,19,87.15544345998661,2.1027033068231193,80.58814039568102,3.5590580640256597,44.680788251921726,0,0
Nashville,20,88.0849202396211,2.1027033068231193,80.58814039568102,3.5590580640256597,44.680788251921726,0,0
Nashville,21,85.18063196991075,2.1027033068231193,80.58814039568102,3.5590580640256597,44.680788251921726,0,1
Nashville,22,88.973103017621,2.1027033068231193,80.58814039568102,3.5590580640256597,44.680788251921726,0,1
Nashville,23,89.97955376137925,2.1027033068231193,80.58814039568102,3.5590580640256597,44.680788251921726,0,1
Nashville,24,89.63176543966856,2.1027033068231193,80.58814039568102,3.5590580640256597,44.680788251921726,0,1
Nashville,25,89.33532086092521,2.1027033068231193,80.58814039568102,3.5590580640256597,44.680788251921726,0,1
Nashville,26,88.40442381601225,2.1027033068231193,80.58814039568102,3.5590580640256597,44.680788251921726,0,1
Nashville,27,90.26787996022217,2.1027033068231193,80.58814039568102,3.5590580640256597,44.680788251921726,0,1
Nashville,28,90.16843403411684,2.1027033068231193,80.58814039568102,3.5590580640256597,44.680788251921726,0,1
Nashville,29,89.50074230124325,2.1027033068231193,80.58814039568102,3.5590580640256597,44.680788251921726,0,1
Nashville,30,89.1857344631453,2.1027033068231193,80.58814039568102,3.5590580640256597,44.680788251921726,0,1
Nashville,31,88.8954770411574,2.1027033068231193,80.58814039568102,3.5590580640256597,44.680788251921726,0,1
Nashville,32,88.00331865316198,2.1027033068231193,80.58814039568102,3.5590580640256597,44.680788251921726,0,1
Charlotte,1,81.70008770090156,1.3655325674545153,72.16156916224878,7.708459114711205,47.325516085768875,0,0
Charlotte,2,77.77215988549398,1.3655325674545153,72.16156916224878,7.708459114711205,47.325516085768875,0,0
Charlotte,3,80.08443573449341,1.3655325674545153,72.16156916224878,7.708459114711205,47.325516085768875,0,0
Charlotte,4,80.87586863312579,1.3655325674545153,72.16156916224878,7.708459114711205,47.325516085768875,0,0
Charlotte,5,81.86046997105146,1.3655325674545153,72.16156916224878,7.708459114711205,47.325516085768875,0,0
Charlotte,6,83.09260603333036,1.3655325674545153,72.16156916224878,7.708459114711205,47.325516085768875,0,0
Charlotte,7,82.32060108065836,1.3655325674545153,72.16156916224878,7.708459114711205,47.325516085768875,0,0
Charlotte,8,80.92878683819805,1.3655325674545153,72.16156916224878,7.708459114711205,47.325516085768875,0,0
Charlotte,9,82.30236561898316,1.3655325674545153,72.16156916224878,7.708459114711205,47.325516085768875,0,0
Charlotte,10,80.06469216921255,1.3655325674545153,72.16156916224878,7.708459114711205,47.325516085768875,0,0
Charlotte,11,83.44453878154263,1.3655325674545153,72.16156916224878,7.708459114711205,47.325516085768875,0,0
Charlotte,12,81.6908421597209,1.3655325674545153,72.16156916224878,7.708459114711205,47.325516085768875,0,0
Charlotte,13,81.2201015695317,1.3655325674545153,72.16156916224878,7.708459114711205,47.325516085768875,0,0
Charlotte,14,81.41174042899755,1.3655325674545153,72.16156916224878,7.708459114711205,47.325516085768875,0,0
Charlotte,15,82.25497895637173,1.3655325674545153,72.16156916224878,7.708459114711205,47.325516085768875,0,0
Charlotte,16,82.00727064243226,1.3655325674545153,72.16156916224878,7.708459114711205,47.325516085768875,0,0
Charlotte,17,85.37650448629368,1.3655325674545153,72.16156916224878,7.708459114711205,47.325516085768875,0,0
Charlotte,18,81.91679517205947,1.3655325674545153,72.16156916224878,7.708459114711205,47.325516085768875,0,0
Charlotte,19,82.96774184130456,1.3655325674545153,72.16156916224878,7.708459114711205,47.325516085768875,0,0
Charlotte,20,83.11227242421894,1.3655325674545153,72.16156916224878,7.708459114711205,47.325516085768875,0,0
Charlotte,21,83.26253909680388,1.3655325674545153,72.16156916224878,7.708459114711205,47.325516085768875,0,1
Charlotte,22,83.44502758385944,1.3655325674545153,72.16156916224878,7.708459114711205,47.325516085768875,0,1
Charlotte,23,82.95073711968824,1.3655325674545153,72.16156916224878,7.708459114711205,47.325516085768875,0,1
Charlotte,24,82.97852354895925,1.3655325674545153,72.16156916224878,7.708459114711205,47.325516085768875,0,1
Charlotte,25,82.79401994703063,1.3655325674545153,72.16156916224878,7.708459114711205,47.325516085768875,0,1
Charlotte,26,82.19280301361428,1.3655325674545153,72.16156916224878,7.708459114711205,47.325516085768875,0,1
Charlotte,27,84.38818074924724,1.3655325674545153,72.16156916224878,7.708459114711205,47.325516085768875,0,1
Charlotte,28,85.45986417035124,1.3655325674545153,72.16156916224878,7.708459114711205,47.325516085768875,0,1
Charlotte,29,83.77691158030103,1.3655325674545153,72.16156916224878,7.708459114711205,47.325516085768875,0,1
Charlotte,30,83.90827450266364,1.3655325674545153,72.16156916224878,7.708459114711205,47.325516085768875,0,1
Charlotte,31,84.34883315432901,1.3655325674545153,72.16156916224878,7.708459114711205,47.325516085768875,0,1
Charlotte,32,84.3258448600295,1.3655325674545153,72.16156916224878,7.708459114711205,47.325516085768875,0,1
Columbus,1,89.97985152347401,2.2889154238050415,77.59777282367108,4.722912188610609,36.062052143841896,0,0
Columbus,2,93.49150486074825,2.2889154238050415,77.59777282367108,4.722912188610609,36.062052143841896,0,0
Columbus,3,92.53017508737291,2.2889154238050415,77.59777282367108,4.722912188610609,36.062052143841896,0,0
Columbus,4,91.29934118966631,2.2889154238050415,77.59777282367108,4.722912188610609,36.062052143841896,0,0
Columbus,5,92.65998133615176,2.2889154238050415,77.59777282367108,4.722912188610609,36.062052143841896,0,0
Columbus,6,91.92722649516507,2.2889154238050415,77.59777282367108,4.722912188610609,36.062052143841896,0,0
Columbus,7,92.34941030225434,2.2889154238050415,77.59777282367108,4.722912188610609,36.062052143841896,0,0
Columbus,8,93.19013182019889,2.2889154238050415,77.59777282367108,4.722912188610609,36.062052143841896,0,0
Columbus,9,94.04693261267339,2.2889154238050415,77.59777282367108,4.722912188610609,36.062052143841896,0,0
Columbus,10,94.87680417739348,2.2889154238050415,77.59777282367108,4.722912188610609,36.062052143841896,0,0
Columbus,11,95.24806656104279,2.2889154238050415,77.59777282367108,4.722912188610609,36.062052143841896,0,0
Columbus,12,93.05474477338682,2.2889154238050415,77.59777282367108,4.722912188610609,36.062052143841896,0,0
Columbus,13,92.90367691294374,2.2889154238050415,77.59777282367108,4.722912188610609,36.062052143841896,0,0
Columbus,14,93.77289222461037,2.2889154238050415,77.59777282367108,4.722912188610609,36.062052143841896,0,0
Columbus,15,93.95738707704992,2.2889154238050415,77.59777282367108,4.722912188610609,36.062052143841896,0,0
Columbus,16,93.07230895137012,2.2889154238050415,77.59777282367108,4.722912188610609,36.062052143841896,0,0
Columbus,17,93.35880487642224,2.2889154238050415,77.59777282367108,4.722912188610609,36.062052143841896,0,0
Columbus,18,95.22930368680896,2.2889154238050415,77.59777282367108,4.722912188610609,36.062052143841896,0,0
Columbus,19,96.37353643879287,2.2889154238050415,77.59777282367108,4.722912188610609,36.062052143841896,0,0
Columbus,20,94.28157420424894,2.2889154238050415,77.59777282367108,4.722912188610609,36.062052143841896,0,0
Columbus,21,93.92581696910953,2.2889154238050415,77.59777282367108,4.722912188610609,36.062052143841896,0,1
Columbus,22,94.51332977435493,2.2889154238050415,77.59777282367108,4.722912188610609,36.062052143841896,0,1
Columbus,23,93.8092175903399,2.2889154238050415,77.59777282367108,4.722912188610609,36.062052143841896,0,1
Columbus,24,94.82592909855678,2.2889154238050415,77.59777282367108,4.722912188610609,36.062052143841896,0,1
Columbus,25,95.81030819206525,2.2889154238050415,77.59777282367108,4.722912188610609,36.062052143841896,0,1
Columbus,26,95.35576366839672,2.2889154238050415,77.59777282367108,4.722912188610609,36.062052143841896,0,1
Columbus,27,97.08486833877788,2.2889154238050415,77.59777282367108,4.722912188610609,36.062052143841896,0,1
Columbus,28,95.93444086096846,2.2889154238050415,77.59777282367108,4.722912188610609,36.062052143841896,0,1
Columbus,29,96.48071865510502,2.2889154238050415,77.59777282367108,4.722912188610609,36.062052143841896,0,1
Columbus,30,95.87486618341255,2.2889154238050415,77.59777282367108,4.722912188610609,36.062052143841896,0,1
Columbus,31,97.78217407017637,2.2889154238050415,77.59777282367108,4.722912188610609,36.062052143841896,0,1
Columbus,32,94.88656049965607,2.2889154238050415,77.59777282367108,4.722912188610609,36.062052143841896,0,1
Indianapolis,1,92.70873877423843,1.9342096639306008,60.24461662958434,10.037767936190125,39.905941858351284,0,0
Indianapolis,2,91.81462197178247,1.9342096639306008,60.24461662958434,10.037767936190125,39.905941858351284,0,0
Indianapolis,3,94.36457659101272,1.9342096639306008,60.24461662958434,10.037767936190125,39.905941858351284,0,0
Indianapolis,4,94.54343513014634,1.9342096639306008,60.24461662958434,10.037767936190125,39.905941858351284,0,0
Indianapolis,5,93.05412727098278,1.9342096639306008,60.24461662958434,10.037767936190125,39.905941858351284,0,0
Indianapolis,6,95.81278436456289,1.9342096639306008,60.24461662958434,10.037767936190125,39.905941858351284,0,0
Indianapolis,7,93.6163332678316,1.9342096639306008,60.24461662958434,10.037767936190125,39.905941858351284,0,0
Indianapolis,8,92.46299583866065,1.9342096639306008,60.24461662958434,10.037767936190125,39.905941858351284,0,0
Indianapolis,9,93.9356029767953,1.9342096639306008,60.24461662958434,10.037767936190125,39.905941858351284,0,0
Indianapolis,10,94.85507299452799,1.9342096639306008,60.24461662958434,10.037767936190125,39.905941858351284,0,0
Indianapolis,11,94.29177796468622,1.9342096639306008,60.24461662958434,10.037767936190125,39.905941858351284,0,0
Indianapolis,12,97.44167310243935,1.9342096639306008,60.24461662958434,10.037767936190125,39.905941858351284,0,0
Indianapolis,13,95.89951236353463,1.9342096639306008,60.24461662958434,10.037767936190125,39.905941858351284,0,0
Indianapolis,14,97.1005837090661,1.9342096639306008,60.24461662958434,10.037767936190125,39.905941858351284,0,0
Indianapolis,15,96.83611091430782,1.9342096639306008,60.24461662958434,10.037767936190125,39.905941858351284,0,0
Indianapolis,16,93.30010676855619,1.9342096639306008,60.24461662958434,10.037767936190125,39.905941858351284,0,0
Indianapolis,17,95.01973805460052,1.9342096639306008,60.24461662958434,10.037767936190125,39.905941858351284,0,0
Indianapolis,18,92.34886555835128,1.9342096639306008,60.24461662958434,10.037767936190125,39.905941858351284,0,0
Indianapolis,19,94.99737229951035,1.9342096639306008,60.24461662958434,10.037767936190125,39.905941858351284,0,0
Indianapolis,20,97.26117348953915,1.9342096639306008,60.24461662958434,10.037767936190125,39.905941858351284,0,0
Indianapolis,21,95.06119506747139,1.9342096639306008,60.24461662958434,10.037767936190125,39.905941858351284,0,1
Indianapolis,22,95.4590222570393,1.9342096639306008,60.24461662958434,10.037767936190125,39.905941858351284,0,1
Indianapolis,23,96.76440938363034,1.9342096639306008,60.24461662958434,10.037767936190125,39.905941858351284,0,1
Indianapolis,24,97.46782818402711,1.9342096639306008,60.24461662958434,10.037767936190125,39.905941858351284,0,1
Indianapolis,25,96.24547232164024,1.9342096639306008,60.24461662958434,10.037767936190125,39.905941858351284,0,1
Indianapolis,26,96.51607377207053,1.9342096639306008,60.24461662958434,10.037767936190125,39.905941858351284,0,1
Indianapolis,27,97.94382642560187,1.9342096639306008,60.24461662958434,10.037767936190125,39.905941858351284,0,1
Indianapolis,28,97.4279188044357,1.9342096639306008,60.24461662958434,10.037767936190125,39.905941858351284,0,1
Indianapolis,29,96.93070425726202,1.9342096639306008,60.24461662958434,10.037767936190125,39.905941858351284,0,1
Indianapolis,30,97.80045257330455,1.9342096639306008,60.24461662958434,10.037767936190125,39.905941858351284,0,1
Indianapolis,31,97.66439419237912,1.9342096639306008,60.24461662958434,10.037767936190125,39.905941858351284,0,1
Indianapolis,32,98.02860789079747,1.9342096639306008,60.24461662958434,10.037767936190125,39.905941858351284,0,1
Raleigh,1,78.15360736353183,0.607190165352829,86.74001504898084,7.245823026467969,24.89289493446801,0,0
Raleigh,2,75.53588043695818,0.607190165352829,86.74001504898084,7.245823026467969,24.89289493446801,0,0
Raleigh,3,75.40441451583288,0.607190165352829,86.74001504898084,7.245823026467969,24.89289493446801,0,0
Raleigh,4,77.89848689830035,0.607190165352829,86.74001504898084,7.245823026467969,24.89289493446801,0,0
Raleigh,5,75.50528917247432,0.607190165352829,86.74001504898084,7.245823026467969,24.89289493446801,0,0
Raleigh,6,78.56599731618134,0.607190165352829,86.74001504898084,7.245823026467969,24.89289493446801,0,0
Raleigh,7,76.4190925779143,0.607190165352829,86.74001504898084,7.245823026467969,24.89289493446801,0,0
Raleigh,8,76.89073736702176,0.607190165352829,86.74001504898084,7.245823026467969,24.89289493446801,0,0
Raleigh,9,77.83248388273769,0.607190165352829,86.74001504898084,7.245823026467969,24.89289493446801,0,0
Raleigh,10,78.55786157986435,0.607190165352829,86.74001504898084,7.245823026467969,24.89289493446801,0,0
Raleigh,11,78.44852832737011,0.607190165352829,86.74001504898084,7.245823026467969,24.89289493446801,0,0
Raleigh,12,77.15776751906174,0.607190165352829,86.74001504898084,7.245823026467969,24.89289493446801,0,0
Raleigh,13,77.11241534277121,0.607190165352829,86.74001504898084,7.245823026467969,24.89289493446801,0,0
Raleigh,14,78.11909712063462,0.607190165352829,86.74001504898084,7.245823026467969,24.89289493446801,0,0
Raleigh,15,78.01379283204626,0.607190165352829,86.74001504898084,7.245823026467969,24.89289493446801,0,0
Raleigh,16,77.2314022166922,0.607190165352829,86.74001504898084,7.245823026467969,24.89289493446801,0,0
Raleigh,17,78.64500363517725,0.607190165352829,86.74001504898084,7.245823026467969,24.89289493446801,0,0
Raleigh,18,79.4950734895624,0.607190165352829,86.74001504898084,7.245823026467969,24.89289493446801,0,0
Raleigh,19,78.65193799133728,0.607190165352829,86.74001504898084,7.245823026467969,24.89289493446801,0,0
Raleigh,20,80.4789296058298,0.607190165352829,86.74001504898084,7.245823026467969,24.89289493446801,0,0
Raleigh,21,79.24449250049794,0.607190165352829,86.74001504898084,7.245823026467969,24.89289493446801,0,1
Raleigh,22,78.71515434440113,0.607190165352829,86.74001504898084,7.245823026467969,24.89289493446801,0,1
Raleigh,23,79.17238781328633,0.607190165352829,86.74001504898084,7.245823026467969,24.89289493446801,0,1
Raleigh,24,78.52999810476673,0.607190165352829,86.74001504898084,7.245823026467969,24.89289493446801,0,1
Raleigh,25,78.11457238361623,0.607190165352829,86.74001504898084,7.245823026467969,24.89289493446801,0,1
Raleigh,26,80.07396415896825,0.607190165352829,86.74001504898084,7.245823026467969,24.89289493446801,0,1
Raleigh,27,78.62822956429554,0.607190165352829,86.74001504898084,7.245823026467969,24.89289493446801,0,1
Raleigh,28,79.37217957857287,0.607190165352829,86.74001504898084,7.245823026467969,24.89289493446801,0,1
Raleigh,29,79.8450898809227,0.607190165352829,86.74001504898084,7.245823026467969,24.89289493446801,0,1
Raleigh,30,80.56425495438752,0.607190165352829,86.74001504898084,7.245823026467969,24.89289493446801,0,1
Raleigh,31,80.80552432930175,0.607190165352829,86.74001504898084,7.245823026467969,24.89289493446801,0,1
Raleigh,32,80.46719819676196,0.607190165352829,86.74001504898084,7.245823026467969,24.89289493446801,0,1
Sacramento,1,121.99273989094218,2.546369173600863,83.4042082168545,11.992138352694049,24.00855257375907,0,0
Sacramento,2,124.21239783779177,2.546369173600863,83.4042082168545,11.992138352694049,24.00855257375907,0,0
Sacramento,3,123.67966178391133,2.546369173600863,83.4042082168545,11.992138352694049,24.00855257375907,0,0
Sacramento,4,124.62669201332064,2.546369173600863,83.4042082168545,11.992138352694049,24.00855257375907,0,0
Sacramento,5,126.09990047100469,2.546369173600863,83.4042082168545,11.992138352694049,24.00855257375907,0,0
Sacramento,6,126.02609822532965,2.546369173600863,83.4042082168545,11.992138352694049,24.00855257375907,0,0
Sacramento,7,125.47470539746627,2.546369173600863,83.4042082168545,11.992138352694049,24.00855257375907,0,0
Sacramento,8,125.96722083269499,2.546369173600863,83.4042082168545,11.992138352694049,24.00855257375907,0,0
Sacramento,9,123.72421923491821,2.546369173600863,83.4042082168545,11.992138352694049,24.00855257375907,0,0
Sacramento,10,125.89415003463058,2.546369173600863,83.4042082168545,11.992138352694049,24.00855257375907,0,0
Sacramento,11,126.55972201053862,2.546369173600863,83.4042082168545,11.992138352694049,24.00855257375907,0,0
Sacramento,12,125.11295633249573,2.546369173600863,83.4042082168545,11.992138352694049,24.00855257375907,0,0
Sacramento,13,126.5962941980908,2.546369173600863,83.4042082168545,11.992138352694049,24.00855257375907,0,0
Sacramento,14,125.80331757422903,2.546369173600863,83.4042082168545,11.992138352694049,24.00855257375907,0,0
Sacramento,15,127.61091717742792,2.546369173600863,83.4042082168545,11.992138352694049,24.00855257375907,0,0
Sacramento,16,127.89041161907414,2.546369173600863,83.4042082168545,11.992138352694049,24.00855257375907,0,0
Sacramento,17,126.06856936341141,2.546369173600863,83.4042082168545,11.992138352694049,24.00855257375907,0,0
Sacramento,18,128.6158161827737,2.546369173600863,83.4042082168545,11.992138352694049,24.00855257375907,0,0
Sacramento,19,126.78221271968131,2.546369173600863,83.4042082168545,11.992138352694049,24.00855257375907,0,0
Sacramento,20,129.63464254560043,2.546369173600863,83.4042082168545,11.992138352694049,24.00855257375907,0,0
Sacramento,21,126.72044401796289,2.546369173600863,83.4042082168545,11.992138352694049,24.00855257375907,0,1
Sacramento,22,127.53681665264853,2.546369173600863,83.4042082168545,11.992138352694049,24.00855257375907,0,1
Sacramento,23,127.86613637770068,2.546369173600863,83.4042082168545,11.992138352694049,24.00855257375907,0,1
Sacramento,24,126.85935381836072,2.546369173600863,83.4042082168545,11.992138352694049,24.00855257375907,0,1
Sacramento,25,125.83985364187458,2.546369173600863,83.4042082168545,11.992138352694049,24.00855257375907,0,1
Sacramento,26,127.1007843397448,2.546369173600863,83.4042082168545,11.992138352694049,24.00855257375907,0,1
Sacramento,27,129.5058358791269,2.546369173600863,83.4042082168545,11.992138352694049,24.00855257375907,0,1
Sacramento,28,127.96590914676773,2.546369173600863,83.4042082168545,11.992138352694049,24.00855257375907,0,1
Sacramento,29,128.11826114744105,2.546369173600863,83.4042082168545,11.992138352694049,24.00855257375907,0,1
Sacramento,30,130.4804713599309,2.546369173600863,83.4042082168545,11.992138352694049,24.00855257375907,0,1
Sacramento,31,129.40255442643098,2.546369173600863,83.4042082168545,11.992138352694049,24.00855257375907,0,1
Sacramento,32,129.80307910613593,2.546369173600863,83.4042082168545,11.992138352694049,24.00855257375907,0,1
Kansas City,1,106.37678014465445,2.0745073443787767,78.47049037417176,10.403181224026989,43.39410366266651,0,0
Kansas City,2,104.41854019039032,2.0745073443787767,78.47049037417176,10.403181224026989,43.39410366266651,0,0
Kansas City,3,105.8071131828188,2.0745073443787767,78.47049037417176,10.403181224026989,43.39410366266651,0,0
Kansas City,4,105.98770202313797,2.0745073443787767,78.47049037417176,10.403181224026989,43.39410366266651,0,0
Kansas City,5,105.76680181771766,2.0745073443787767,78.47049037417176,10.403181224026989,43.39410366266651,0,0
Kansas City,6,104.79580358182277,2.0745073443787767,78.47049037417176,10.403181224026989,43.39410366266651,0,0
Kansas City,7,106.81397745963756,2.0745073443787767,78.47049037417176,10.403181224026989,43.39410366266651,0,0
Kansas City,8,104.41728635766097,2.0745073443787767,78.47049037417176,10.403181224026989,43.39410366266651,0,0
Kansas City,9,105.43296163517233,2.0745073443787767,78.47049037417176,10.403181224026989,43.39410366266651,0,0
Kansas City,10,105.73623597971927,2.0745073443787767,78.47049037417176,10.403181224026989,43.39410366266651,0,0
Kansas City,11,106.36288372815832,2.0745073443787767,78.47049037417176,10.403181224026989,43.39410366266651,0,0
Kansas City,12,108.0167528689164,2.0745073443787767,78.47049037417176,10.403181224026989,43.39410366266651,0,0
Kansas City,13,109.1454582714957,2.0745073443787767,78.47049037417176,10.403181224026989,43.39410366266651,0,0
Kansas City,14,109.37419614286641,2.0745073443787767,78.47049037417176,10.403181224026989,43.39410366266651,0,0
Kansas City,15,108.42495300755,2.0745073443787767,78.47049037417176,10.403181224026989,43.39410366266651,0,0
Kansas City,16,108.13507439469062,2.0745073443787767,78.47049037417176,10.403181224026989,43.39410366266651,0,0
Kansas City,17,104.95358311320055,2.0745073443787767,78.47049037417176,10.403181224026989,43.39410366266651,0,0
Kansas City,18,109.26358532859209,2.0745073443787767,78.47049037417176,10.403181224026989,43.39410366266651,0,0
Kansas City,19,111.21217763364042,2.0745073443787767,78.47049037417176,10.403181224026989,43.39410366266651,0,0
Kansas City,20,108.75089347258061,2.0745073443787767,78.47049037417176,10.403181224026989,43.39410366266651,0,0
Kansas City,21,108.6382889311059,2.0745073443787767,78.47049037417176,10.403181224026989,43.39410366266651,0,1
Kansas City,22,109.34587674561332,2.0745073443787767,78.47049037417176,10.403181224026989,43.39410366266651,0,1
Kansas City,23,109.53179605595754,2.0745073443787767,78.47049037417176,10.403181224026989,43.39410366266651,0,1
Kansas City,24,108.96934135520688,2.0745073443787767,78.47049037417176,10.403181224026989,43.39410366266651,0,1
Kansas City,25,108.50886271413393,2.0745073443787767,78.47049037417176,10.403181224026989,43.39410366266651,0,1
Kansas City,26,109.54155280499343,2.0745073443787767,78.47049037417176,10.403181224026989,43.39410366266651,0,1
Kansas City,27,107.6112947019359,2.0745073443787767,78.47049037417176,10.403181224026989,43.39410366266651,0,1
Kansas City,28,107.14852990143592,2.0745073443787767,78.47049037417176,10.403181224026989,43.39410366266651,0,1
Kansas City,29,111.19056812225607,2.0745073443787767,78.47049037417176,10.403181224026989,43.39410366266651,0,1
Kansas City,30,109.1577681569873,2.0745073443787767,78.47049037417176,10.403181224026989,43.39410366266651,0,1
Kansas City,31,110.71658832511942,2.0745073443787767,78.47049037417176,10.403181224026989,43.39410366266651,0,1
Kansas City,32,111.87295454072982,2.0745073443787767,78.47049037417176,10.403181224026989,43.39410366266651,0,1
Cincinnati,1,81.39883907413297,2.1293414716092984,53.369464437634605,5.748399696584492,36.48836721500964,0,0
Cincinnati,2,79.42043140421423,2.1293414716092984,53.369464437634605,5.748399696584492,36.48836721500964,0,0
Cincinnati,3,80.62420749001627,2.1293414716092984,53.369464437634605,5.748399696584492,36.48836721500964,0,0
Cincinnati,4,78.98519828101232,2.1293414716092984,53.369464437634605,5.748399696584492,36.48836721500964,0,0
Cincinnati,5,80.40901493290279,2.1293414716092984,53.369464437634605,5.748399696584492,36.48836721500964,0,0
Cincinnati,6,81.93972299581358,2.1293414716092984,53.369464437634605,5.748399696584492,36.48836721500964,0,0
Cincinnati,7,80.87293414303879,2.1293414716092984,53.369464437634605,5.748399696584492,36.48836721500964,0,0
Cincinnati,8,77.56285949733152,2.1293414716092984,53.369464437634605,5.748399696584492,36.48836721500964,0,0
Cincinnati,9,78.43298656615158,2.1293414716092984,53.369464437634605,5.748399696584492,36.48836721500964,0,0
Cincinnati,10,80.32259996992005,2.1293414716092984,53.369464437634605,5.748399696584492,36.48836721500964,0,0
Cincinnati,11,83.03439264576225,2.1293414716092984,53.369464437634605,5.748399696584492,36.48836721500964,0,0
Cincinnati,12,81.82340496799962,2.1293414716092984,53.369464437634605,5.748399696584492,36.48836721500964,0,0
Cincinnati,13,81.90403040341825,2.1293414716092984,53.369464437634605,5.748399696584492,36.48836721500964,0,0
Cincinnati,14,80.30534203431931,2.1293414716092984,53.369464437634605,5.748399696584492,36.48836721500964,0,0
Cincinnati,15,82.21022063636548,2.1293414716092984,53.369464437634605,5.748399696584492,36.48836721500964,0,0
Cincinnati,16,79.45429588046414,2.1293414716092984,53.369464437634605,5.748399696584492,36.48836721500964,0,0
Cincinnati,17,82.74470127454782,2.1293414716092984,53.369464437634605,5.748399696584492,36.48836721500964,0,0
Cincinnati,18,83.89959110054598,2.1293414716092984,53.369464437634605,5.748399696584492,36.48836721500964,0,0
Cincinnati,19,81.65339786220399,2.1293414716092984,53.369464437634605,5.748399696584492,36.48836721500964,0,0
Cincinnati,20,84.08577794783814,2.1293414716092984,53.369464437634605,5.748399696584492,36.48836721500964,0,0
Cincinnati,21,82.070628196558,2.1293414716092984,53.369464437634605,5.748399696584492,36.48836721500964,0,1
Cincinnati,22,83.26135235850688,2.1293414716092984,53.369464437634605,5.748399696584492,36.48836721500964,0,1
Cincinnati,23,83.07137927069965,2.1293414716092984,53.369464437634605,5.748399696584492,36.48836721500964,0,1
Cincinnati,24,83.49714368039028,2.1293414716092984,53.369464437634605,5.748399696584492,36.48836721500964,0,1
Cincinnati,25,85.36684713676448,2.1293414716092984,53.369464437634605,5.748399696584492,36.48836721500964,0,1
Cincinnati,26,84.74196181627417,2.1293414716092984,53.369464437634605,5.748399696584492,36.48836721500964,0,1
Cincinnati,27,83.02123691802859,2.1293414716092984,53.369464437634605,5.748399696584492,36.48836721500964,0,1
Cincinnati,28,80.66654798297658,2.1293414716092984,53.369464437634605,5.748399696584492,36.48836721500964,0,1
Cincinnati,29,85.20826670787987,2.1293414716092984,53.369464437634605,5.748399696584492,36.48836721500964,0,1
Cincinnati,30,85.20119408752912,2.1293414716092984,53.369464437634605,5.748399696584492,36.48836721500964,0,1
Cincinnati,31,84.63311648786109,2.1293414716092984,53.369464437634605,5.748399696584492,36.48836721500964,0,1
Cincinnati,32,83.91467373183269,2.1293414716092984,53.369464437634605,5.748399696584492,36.48836721500964,0,1
Salt Lake City,1,81.11717765582053,0.681849991886201,65.06900316026247,11.987117616742413,39.78326372684161,0,0
Salt Lake City,2,77.20443401049481,0.681849991886201,65.06900316026247,11.987117616742413,39.78326372684161,0,0
Salt Lake City,3,78.55783423827305,0.681849991886201,65.06900316026247,11.987117616742413,39.78326372684161,0,0
Salt Lake City,4,77.88947390484972,0.681849991886201,65.06900316026247,11.987117616742413,39.78326372684161,0,0
Salt Lake City,5,80.24465676061413,0.681849991886201,65.06900316026247,11.987117616742413,39.78326372684161,0,0
Salt Lake City,6,79.3892372265505,0.681849991886201,65.06900316026247,11.987117616742413,39.78326372684161,0,0
Salt Lake City,7,82.63251670428141,0.681849991886201,65.06900316026247,11.987117616742413,39.78326372684161,0,0
Salt Lake City,8,80.27045596743056,0.681849991886201,65.06900316026247,11.987117616742413,39.78326372684161,0,0
Salt Lake City,9,80.11251984312135,0.681849991886201,65.06900316026247,11.987117616742413,39.78326372684161,0,0
Salt Lake City,10,81.236328729405,0.681849991886201,65.06900316026247,11.987117616742413,39.78326372684161,0,0
Salt Lake City,11,79.82045207546919,0.681849991886201,65.06900316026247,11.987117616742413,39.78326372684161,0,0
Salt Lake City,12,79.54839715128338,0.681849991886201,65.06900316026247,11.987117616742413,39.78326372684161,0,0
Salt Lake City,13,81.64109541672917,0.681849991886201,65.06900316026247,11.987117616742413,39.78326372684161,0,0
Salt Lake City,14,80.56226617510093,0.681849991886201,65.06900316026247,11.987117616742413,39.78326372684161,0,0
Salt Lake City,15,82.47025770174129,0.681849991886201,65.06900316026247,11.987117616742413,39.78326372684161,0,0
Salt Lake City,16,81.85082420040143,0.681849991886201,65.06900316026247,11.987117616742413,39.78326372684161,0,0
Salt Lake City,17,81.73879348465643,0.681849991886201,65.06900316026247,11.987117616742413,39.78326372684161,0,0
Salt Lake City,18,81.83122868880398,0.681849991886201,65.06900316026247,11.987117616742413,39.78326372684161,0,0
Salt Lake City,19,81.79551586876552,0.681849991886201,65.06900316026247,11.987117616742413,39.78326372684161,0,0
Salt Lake City,20,82.5381224756829,0.681849991886201,65.06900316026247,11.987117616742413,39.78326372684161,0,0
Salt Lake City,21,81.72241706811671,0.681849991886201,65.06900316026247,11.987117616742413,39.78326372684161,0,1
Salt Lake City,22,79.99984260816461,0.681849991886201,65.06900316026247,11.987117616742413,39.78326372684161,0,1
Salt Lake City,23,82.59244836398939,0.681849991886201,65.06900316026247,11.987117616742413,39.78326372684161,0,1
Salt Lake City,24,82.09637169149609,0.681849991886201,65.06900316026247,11.987117616742413,39.78326372684161,0,1
Salt Lake City,25,81.14678354064854,0.681849991886201,65.06900316026247,11.987117616742413,39.78326372684161,0,1
Salt Lake City,26,83.88591019884835,0.681849991886201,65.06900316026247,11.987117616742413,39.78326372684161,0,1
Salt Lake City,27,82.64279313154702,0.681849991886201,65.06900316026247,11.987117616742413,39.78326372684161,0,1
Salt Lake City,28,81.15480685044173,0.681849991886201,65.06900316026247,11.987117616742413,39.78326372684161,0,1
Salt Lake City,29,83.30936967753865,0.681849991886201,65.06900316026247,11.987117616742413,39.78326372684161,0,1
Salt Lake City,30,82.73936936640848,0.681849991886201,65.06900316026247,11.987117616742413,39.78326372684161,0,1
Salt Lake City,31,81.6572315706153,0.681849991886201,65.06900316026247,11.987117616742413,39.78326372684161,0,1
Salt Lake City,32,84.22371223224224,0.681849991886201,65.06900316026247,11.987117616742413,39.78326372684161,0,1
Tucson,1,79.50310052255168,1.390849063370248,46.88356192885084,11.657172289961622,46.7749600095609,0,0
Tucson,2,81.7758163908371,1.390849063370248,46.88356192885084,11.657172289961622,46.7749600095609,0,0
Tucson,3,79.9867841024643,1.390849063370248,46.88356192885084,11.657172289961622,46.7749600095609,0,0
Tucson,4,82.38622710042213,1.390849063370248,46.88356192885084,11.657172289961622,46.7749600095609,0,0
Tucson,5,81.8742796235011,1.390849063370248,46.88356192885084,11.657172289961622,46.7749600095609,0,0
Tucson,6,81.64410330732575,1.390849063370248,46.88356192885084,11.657172289961622,46.7749600095609,0,0
Tucson,7,80.7567689678664,1.390849063370248,46.88356192885084,11.657172289961622,46.7749600095609,0,0
Tucson,8,82.89954419160601,1.390849063370248,46.88356192885084,11.657172289961622,46.7749600095609,0,0
Tucson,9,82.56803806229941,1.390849063370248,46.88356192885084,11.657172289961622,46.7749600095609,0,0
Tucson,10,81.67889231972048,1.390849063370248,46.88356192885084,11.657172289961622,46.7749600095609,0,0
Tucson,11,82.96053619212913,1.390849063370248,46.88356192885084,11.657172289961622,46.7749600095609,0,0
Tucson,12,81.18307287668536,1.390849063370248,46.88356192885084,11.657172289961622,46.7749600095609,0,0
Tucson,13,81.02805240656079,1.390849063370248,46.88356192885084,11.657172289961622,46.7749600095609,0,0
Tucson,14,82.59909167214744,1.390849063370248,46.88356192885084,11.657172289961622,46.7749600095609,0,0
Tucson,15,82.94911156228486,1.390849063370248,46.88356192885084,11.657172289961622,46.7749600095609,0,0
Tucson,16,83.52725934267944,1.390849063370248,46.88356192885084,11.657172289961622,46.7749600095609,0,0
Tucson,17,83.24182761672542,1.390849063370248,46.88356192885084,11.657172289961622,46.7749600095609,0,0
Tucson,18,84.80262759497379,1.390849063370248,46.88356192885084,11.657172289961622,46.7749600095609,0,0
Tucson,19,81.91516705024709,1.390849063370248,46.88356192885084,11.657172289961622,46.7749600095609,0,0
Tucson,20,84.29576294878574,1.390849063370248,46.88356192885084,11.657172289961622,46.7749600095609,0,0
Tucson,21,84.03454307529101,1.390849063370248,46.88356192885084,11.657172289961622,46.7749600095609,0,1
Tucson,22,85.54122458632096,1.390849063370248,46.88356192885084,11.657172289961622,46.7749600095609,0,1
Tucson,23,84.21367054746561,1.390849063370248,46.88356192885084,11.657172289961622,46.7749600095609,0,1
Tucson,24,84.5933359632871,1.390849063370248,46.88356192885084,11.657172289961622,46.7749600095609,0,1
Tucson,25,86.47731217428569,1.390849063370248,46.88356192885084,11.657172289961622,46.7749600095609,0,1
Tucson,26,85.46932057980958,1.390849063370248,46.88356192885084,11.657172289961622,46.7749600095609,0,1
Tucson,27,85.39403830823028,1.390849063370248,46.88356192885084,11.657172289961622,46.7749600095609,0,1
Tucson,28,84.34561170512532,1.390849063370248,46.88356192885084,11.657172289961622,46.7749600095609,0,1
Tucson,29,85.13051143558413,1.390849063370248,46.88356192885084,11.657172289961622,46.7749600095609,0,1
Tucson,30,83.1308760792098,1.390849063370248,46.88356192885084,11.657172289961622,46.7749600095609,0,1
Tucson,31,84.2513009580293,1.390849063370248,46.88356192885084,11.657172289961622,46.7749600095609,0,1
Tucson,32,86.19016344411894,1.390849063370248,46.88356192885084,11.657172289961622,46.7749600095609,0,1
Albuquerque,1,62.51272210180047,1.2157556533116787,51.634448158904554,6.649740548362093,42.21514120002068,0,0
Albuquerque,2,64.90919478486077,1.2157556533116787,51.634448158904554,6.649740548362093,42.21514120002068,0,0
Albuquerque,3,64.96912555687494,1.2157556533116787,51.634448158904554,6.649740548362093,42.21514120002068,0,0
Albuquerque,4,65.56464295502566,1.2157556533116787,51.634448158904554,6.649740548362093,42.21514120002068,0,0
Albuquerque,5,63.21216723118821,1.2157556533116787,51.634448158904554,6.649740548362093,42.21514120002068,0,0
Albuquerque,6,62.96069122256284,1.2157556533116787,51.634448158904554,6.649740548362093,42.21514120002068,0,0
Albuquerque,7,66.87919892444697,1.2157556533116787,51.634448158904554,6.649740548362093,42.21514120002068,0,0
Albuquerque,8,65.83058815651698,1.2157556533116787,51.634448158904554,6.649740548362093,42.21514120002068,0,0
Albuquerque,9,66.33991890732297,1.2157556533116787,51.634448158904554,6.649740548362093,42.21514120002068,0,0
Albuquerque,10,67.93768223453509,1.2157556533116787,51.634448158904554,6.649740548362093,42.21514120002068,0,0
Albuquerque,11,66.35633007104715,1.2157556533116787,51.634448158904554,6.649740548362093,42.21514120002068,0,0
Albuquerque,12,63.94074575242465,1.2157556533116787,51.634448158904554,6.649740548362093,42.21514120002068,0,0
Albuquerque,13,66.07321838017984,1.2157556533116787,51.634448158904554,6.649740548362093,42.21514120002068,0,0
Albuquerque,14,67.57977362025662,1.2157556533116787,51.634448158904554,6.649740548362093,42.21514120002068,0,0
Albuquerque,15,66.23723143454527,1.2157556533116787,51.634448158904554,6.649740548362093,42.21514120002068,0,0
Albuquerque,16,66.53427814523171,1.2157556533116787,51.634448158904554,6.649740548362093,42.21514120002068,0,0
Albuquerque,17,66.3258554569183,1.2157556533116787,51.634448158904554,6.649740548362093,42.21514120002068,0,0
Albuquerque,18,68.95917507587708,1.2157556533116787,51.634448158904554,6.649740548362093,42.21514120002068,0,0
Albuquerque,19,68.83968709657175,1.2157556533116787,51.634448158904554,6.649740548362093,42.21514120002068,0,0
Albuquerque,20,65.325961507709,1.2157556533116787,51.634448158904554,6.649740548362093,42.21514120002068,0,0
Albuquerque,21,69.93286864238586,1.2157556533116787,51.634448158904554,6.649740548362093,42.21514120002068,0,1
Albuquerque,22,66.86882544075522,1.2157556533116787,51.634448158904554,6.649740548362093,42.21514120002068,0,1
Albuquerque,23,70.38089128509522,1.2157556533116787,51.634448158904554,6.649740548362093,42.21514120002068,0,1
Albuquerque,24,66.52100323339818,1.2157556533116787,51.634448158904554,6.649740548362093,42.21514120002068,0,1
Albuquerque,25,69.56966456113946,1.2157556533116787,51.634448158904554,6.649740548362093,42.21514120002068,0,1
Albuquerque,26,67.71800844254572,1.2157556533116787,51.634448158904554,6.649740548362093,42.21514120002068,0,1
Albuquerque,27,68.36085920603426,1.2157556533116787,51.634448158904554,6.649740548362093,42.21514120002068,0,1
Albuquerque,28,69.75777334765624,1.2157556533116787,51.634448158904554,6.649740548362093,42.21514120002068,0,1
Albuquerque,29,67.96013679537221,1.2157556533116787,51.634448158904554,6.649740548362093,42.21514120002068,0,1
Albuquerque,30,69.37609963033752,1.2157556533116787,51.634448158904554,6.649740548362093,42.21514120002068,0,1
Albuquerque,31,69.5166814722949,1.2157556533116787,51.634448158904554,6.649740548362093,42.21514120002068,0,1
Albuquerque,32,70.72724371348964,1.2157556533116787,51.634448158904554,6.649740548362093,42.21514120002068,0,1
Fresno,1,96.2909420147297,2.438882975466924,74.37110498942555,5.459937247162929,39.375279023029854,0,0
Fresno,2,97.05577065213257,2.438882975466924,74.37110498942555,5.459937247162929,39.375279023029854,0,0
Fresno,3,95.31559758887502,2.438882975466924,74.37110498942555,5.459937247162929,39.375279023029854,0,0
Fresno,4,95.59141940750513,2.438882975466924,74.37110498942555,5.459937247162929,39.375279023029854,0,0
Fresno,5,94.56864074532855,2.438882975466924,74.37110498942555,5.459937247162929,39.375279023029854,0,0
Fresno,6,94.48069520729088,2.438882975466924,74.37110498942555,5.459937247162929,39.375279023029854,0,0
Fresno,7,93.9655494635672,2.438882975466924,74.37110498942555,5.459937247162929,39.375279023029854,0,0
Fresno,8,95.42941321448902,2.438882975466924,74.37110498942555,5.459937247162929,39.375279023029854,0,0
Fresno,9,96.03863626055751,2.438882975466924,74.37110498942555,5.459937247162929,39.375279023029854,0,0
Fresno,10,96.02521384353491,2.438882975466924,74.37110498942555,5.459937247162929,39.375279023029854,0,0
Fresno,11,96.83893993698345,2.438882975466924,74.37110498942555,5.459937247162929,39.375279023029854,0,0
Fresno,12,94.67351823527133,2.438882975466924,74.37110498942555,5.459937247162929,39.375279023029854,0,0
Fresno,13,98.53007835400062,2.438882975466924,74.37110498942555,5.459937247162929,39.375279023029854,0,0
Fresno,14,96.969484350847,2.438882975466924,74.37110498942555,5.459937247162929,39.375279023029854,0,0
Fresno,15,98.06279780378941,2.438882975466924,74.37110498942555,5.459937247162929,39.375279023029854,0,0
Fresno,16,97.31525042461611,2.438882975466924,74.37110498942555,5.459937247162929,39.375279023029854,0,0
Fresno,17,95.99913559409184,2.438882975466924,74.37110498942555,5.459937247162929,39.375279023029854,0,0
Fresno,18,96.80991504731747,2.438882975466924,74.37110498942555,5.459937247162929,39.375279023029854,0,0
Fresno,19,93.39301575198456,2.438882975466924,74.37110498942555,5.459937247162929,39.375279023029854,0,0
Fresno,20,97.75757542942853,2.438882975466924,74.37110498942555,5.459937247162929,39.375279023029854,0,0
Fresno,21,97.5677861187172,2.438882975466924,74.37110498942555,5.459937247162929,39.375279023029854,0,1
Fresno,22,99.25657080475165,2.438882975466924,74.37110498942555,5.459937247162929,39.375279023029854,0,1
Fresno,23,95.84380109384453,2.438882975466924,74.37110498942555,5.459937247162929,39.375279023029854,0,1
Fresno,24,98.00665108688568,2.438882975466924,74.37110498942555,5.459937247162929,39.375279023029854,0,1
Fresno,25,97.8844643239771,2.438882975466924,74.37110498942555,5.459937247162929,39.375279023029854,0,1
Fresno,26,96.88512847941658,2.438882975466924,74.37110498942555,5.459937247162929,39.375279023029854,0,1
Fresno,27,96.78916188357796,2.438882975466924,74.37110498942555,5.459937247162929,39.375279023029854,0,1
Fresno,28,97.29034592260618,2.438882975466924,74.37110498942555,5.459937247162929,39.375279023029854,0,1
Fresno,29,100.03161864299634,2.438882975466924,74.37110498942555,5.459937247162929,39.375279023029854,0,1
Fresno,30,100.18330744653043,2.438882975466924,74.37110498942555,5.459937247162929,39.375279023029854,0,1
Fresno,31,97.4230181773751,2.438882975466924,74.37110498942555,5.459937247162929,39.375279023029854,0,1
Fresno,32,99.10087534246081,2.438882975466924,74.37110498942555,5.459937247162929,39.375279023029854,0,1
Tulsa,1,100.44950061205812,1.816503264177462,77.02477270403614,10.189946047699706,39.57225062608947,0,0
Tulsa,2,100.42222673996784,1.816503264177462,77.02477270403614,10.189946047699706,39.57225062608947,0,0
Tulsa,3,98.35926207725983,1.816503264177462,77.02477270403614,10.189946047699706,39.57225062608947,0,0
Tulsa,4,99.60942562149056,1.816503264177462,77.02477270403614,10.189946047699706,39.57225062608947,0,0
Tulsa,5,98.75855214938527,1.816503264177462,77.02477270403614,10.189946047699706,39.57225062608947,0,0
Tulsa,6,101.85112816100329,1.816503264177462,77.02477270403614,10.189946047699706,39.57225062608947,0,0
Tulsa,7,103.8958018130632,1.816503264177462,77.02477270403614,10.189946047699706,39.57225062608947,0,0
Tulsa,8,100.87158967954859,1.816503264177462,77.02477270403614,10.189946047699706,39.57225062608947,0,0
Tulsa,9,98.50661593857187,1.816503264177462,77.02477270403614,10.189946047699706,39.57225062608947,0,0
Tulsa,10,102.21371037135248,1.816503264177462,77.02477270403614,10.189946047699706,39.57225062608947,0,0
Tulsa,11,103.2496381065151,1.816503264177462,77.02477270403614,10.189946047699706,39.57225062608947,0,0
Tulsa,12,103.30584155701482,1.816503264177462,77.02477270403614,10.189946047699706,39.57225062608947,0,0
Tulsa,13,101.87900326857856,1.816503264177462,77.02477270403614,10.189946047699706,39.57225062608947,0,0
Tulsa,14,102.46721307191933,1.816503264177462,77.02477270403614,10.189946047699706,39.57225062608947,0,0
Tulsa,15,102.09525897723827,1.816503264177462,77.02477270403614,10.189946047699706,39.57225062608947,0,0
Tulsa,16,102.9961018717906,1.816503264177462,77.02477270403614,10.189946047699706,39.57225062608947,0,0
Tulsa,17,103.41113202181806,1.816503264177462,77.02477270403614,10.189946047699706,39.57225062608947,0,0
Tulsa,18,101.52714178916419,1.816503264177462,77.02477270403614,10.189946047699706,39.57225062608947,0,0
Tulsa,19,101.87762539313451,1.816503264177462,77.02477270403614,10.189946047699706,39.57225062608947,0,0
Tulsa,20,102.32143149785266,1.816503264177462,77.02477270403614,10.189946047699706,39.57225062608947,0,0
Tulsa,21,102.60507541055199,1.816503264177462,77.02477270403614,10.189946047699706,39.57225062608947,0,1
Tulsa,22,103.261511625026,1.816503264177462,77.02477270403614,10.189946047699706,39.57225062608947,0,1
Tulsa,23,104.52382580330398,1.816503264177462,77.02477270403614,10.189946047699706,39.57225062608947,0,1
Tulsa,24,101.76355080656029,1.816503264177462,77.02477270403614,10.189946047699706,39.57225062608947,0,1
Tulsa,25,104.5836421111978,1.816503264177462,77.02477270403614,10.189946047699706,39.57225062608947,0,1
Tulsa,26,103.39502151476646,1.816503264177462,77.02477270403614,10.189946047699706,39.57225062608947,0,1
Tulsa,27,100.34209035950879,1.816503264177462,77.02477270403614,10.189946047699706,39.57225062608947,0,1
Tulsa,28,103.4529835217964,1.816503264177462,77.02477270403614,10.189946047699706,39.57225062608947,0,1
Tulsa,29,103.75397115656473,1.816503264177462,77.02477270403614,10.189946047699706,39.57225062608947,0,1
Tulsa,30,104.88928701398503,1.816503264177462,77.02477270403614,10.189946047699706,39.57225062608947,0,1
Tulsa,31,105.08890615804226,1.816503264177462,77.02477270403614,10.189946047699706,39.57225062608947,0,1
Tulsa,32,104.52379618720596,1.816503264177462,77.02477270403614,10.189946047699706,39.57225062608947,0,1
Omaha,1,91.27624357050108,2.210075549195826,86.60291849467103,3.6770298033117177,30.638253432191426,0,0
Omaha,2,93.54689707062184,2.210075549195826,86.60291849467103,3.6770298033117177,30.638253432191426,0,0
Omaha,3,91.7410200564125,2.210075549195826,86.60291849467103,3.6770298033117177,30.638253432191426,0,0
Omaha,4,91.27743965878167,2.210075549195826,86.60291849467103,3.6770298033117177,30.638253432191426,0,0
Omaha,5,92.08378549641135,2.210075549195826,86.60291849467103,3.6770298033117177,30.638253432191426,0,0
Omaha,6,92.35725127376534,2.210075549195826,86.60291849467103,3.6770298033117177,30.638253432191426,0,0
Omaha,7,93.01664143295866,2.210075549195826,86.60291849467103,3.6770298033117177,30.638253432191426,0,0
Omaha,8,92.76603237476714,2.210075549195826,86.60291849467103,3.6770298033117177,30.638253432191426,0,0
Omaha,9,93.01633125073812,2.210075549195826,86.60291849467103,3.6770298033117177,30.638253432191426,0,0
Omaha,10,94.49352512937328,2.210075549195826,86.60291849467103,3.6770298033117177,30.638253432191426,0,0
Omaha,11,94.70937738851855,2.210075549195826,86.60291849467103,3.6770298033117177,30.638253432191426,0,0
Omaha,12,94.54299950464295,2.210075549195826,86.60291849467103,3.6770298033117177,30.638253432191426,0,0
Omaha,13,93.6822429837348,2.210075549195826,86.60291849467103,3.6770298033117177,30.638253432191426,0,0
Omaha,14,93.4028675957174,2.210075549195826,86.60291849467103,3.6770298033117177,30.638253432191426,0,0
Omaha,15,94.07544774894967,2.210075549195826,86.60291849467103,3.6770298033117177,30.638253432191426,0,0
Omaha,16,94.32754265466751,2.210075549195826,86.60291849467103,3.6770298033117177,30.638253432191426,0,0
Omaha,17,95.66331298641677,2.210075549195826,86.60291849467103,3.6770298033117177,30.638253432191426,0,0
Omaha,18,94.46731511575491,2.210075549195826,86.60291849467103,3.6770298033117177,30.638253432191426,0,0
Omaha,19,93.50790869498987,2.210075549195826,86.60291849467103,3.6770298033117177,30.638253432191426,0,0
Omaha,20,94.09884697026037,2.210075549195826,86.60291849467103,3.6770298033117177,30.638253432191426,0,0
Omaha,21,97.37059900632907,2.210075549195826,86.60291849467103,3.6770298033117177,30.638253432191426,0,1
Omaha,22,94.28438353970013,2.210075549195826,86.60291849467103,3.6770298033117177,30.638253432191426,0,1
Omaha,23,94.0370203171447,2.210075549195826,86.60291849467103,3.6770298033117177,30.638253432191426,0,1
Omaha,24,95.35357308437297,2.210075549195826,86.60291849467103,3.6770298033117177,30.638253432191426,0,1
Omaha,25,97.96685458277764,2.210075549195826,86.60291849467103,3.6770298033117177,30.638253432191426,0,1
Omaha,26,96.11930539034451,2.210075549195826,86.60291849467103,3.6770298033117177,30.638253432191426,0,1
Omaha,27,96.50475480188113,2.210075549195826,86.60291849467103,3.6770298033117177,30.638253432191426,0,1
Omaha,28,94.41170122921655,2.210075549195826,86.60291849467103,3.6770298033117177,30.638253432191426,0,1
Omaha,29,94.65498475624217,2.210075549195826,86.60291849467103,3.6770298033117177,30.638253432191426,0,1
Omaha,30,96.6007316237264,2.210075549195826,86.60291849467103,3.6770298033117177,30.638253432191426,0,1
Omaha,31,96.20444259724906,2.210075549195826,86.60291849467103,3.6770298033117177,30.638253432191426,0,1
Omaha,32,97.37116955750106,2.210075549195826,86.60291849467103,3.6770298033117177,30.638253432191426,0,1
Louisville,1,65.85615814551258,1.3755112374201286,59.01049039994054,4.398898429701299,21.07862420987788,0,0
Louisville,2,68.59278762300156,1.3755112374201286,59.01049039994054,4.398898429701299,21.07862420987788,0,0
Louisville,3,69.1080973694892,1.3755112374201286,59.01049039994054,4.398898429701299,21.07862420987788,0,0
Louisville,4,65.77284246546553,1.3755112374201286,59.01049039994054,4.398898429701299,21.07862420987788,0,0
Louisville,5,68.0732938481831,1.3755112374201286,59.01049039994054,4.398898429701299,21.07862420987788,0,0
Louisville,6,67.59406049944545,1.3755112374201286,59.01049039994054,4.398898429701299,21.07862420987788,0,0
Louisville,7,69.81025651868546,1.3755112374201286,59.01049039994054,4.398898429701299,21.07862420987788,0,0
Louisville,8,68.50012408094965,1.3755112374201286,59.01049039994054,4.398898429701299,21.07862420987788,0,0
Louisville,9,69.5230311323855,1.3755112374201286,59.01049039994054,4.398898429701299,21.07862420987788,0,0
Louisville,10,68.43760446870692,1.3755112374201286,59.01049039994054,4.398898429701299,21.07862420987788,0,0
Louisville,11,69.05615584322082,1.3755112374201286,59.01049039994054,4.398898429701299,21.07862420987788,0,0
Louisville,12,71.3885208906272,1.3755112374201286,59.01049039994054,4.398898429701299,21.07862420987788,0,0
Louisville,13,71.47076197097341,1.3755112374201286,59.01049039994054,4.398898429701299,21.07862420987788,0,0
Louisville,14,67.09340781860402,1.3755112374201286,59.01049039994054,4.398898429701299,21.07862420987788,0,0
Louisville,15,69.73662125712208,1.3755112374201286,59.01049039994054,4.398898429701299,21.07862420987788,0,0
Louisville,16,69.7186758323303,1.3755112374201286,59.01049039994054,4.398898429701299,21.07862420987788,0,0
Louisville,17,68.29058689052015,1.3755112374201286,59.01049039994054,4.398898429701299,21.07862420987788,0,0
Louisville,18,68.8075210798811,1.3755112374201286,59.01049039994054,4.398898429701299,21.07862420987788,0,0
Louisville,19,70.10105455523087,1.3755112374201286,59.01049039994054,4.398898429701299,21.07862420987788,0,0
Louisville,20,71.17633217885258,1.3755112374201286,59.01049039994054,4.398898429701299,21.07862420987788,0,0
Louisville,21,70.80686450937202,1.3755112374201286,59.01049039994054,4.398898429701299,21.07862420987788,0,1
Louisville,22,69.82664743134035,1.3755112374201286,59.01049039994054,4.398898429701299,21.07862420987788,0,1
Louisville,23,69.20573020430625,1.3755112374201286,59.01049039994054,4.398898429701299,21.07862420987788,0,1
Louisville,24,68.11717947435618,1.3755112374201286,59.01049039994054,4.398898429701299,21.07862420987788,0,1
Louisville,25,72.62714177821623,1.3755112374201286,59.01049039994054,4.398898429701299,21.07862420987788,0,1
Louisville,26,70.26103376988125,1.3755112374201286,59.01049039994054,4.398898429701299,21.07862420987788,0,1
Louisville,27,70.04781145895335,1.3755112374201286,59.01049039994054,4.398898429701299,21.07862420987788,0,1
Louisville,28,71.634281441499,1.3755112374201286,59.01049039994054,4.398898429701299,21.07862420987788,0,1
Louisville,29,71.27605427788284,1.3755112374201286,59.01049039994054,4.398898429701299,21.07862420987788,0,1
Louisville,30,71.50913898271936,1.3755112374201286,59.01049039994054,4.398898429701299,21.07862420987788,0,1
Louisville,31,72.46773218283712,1.3755112374201286,59.01049039994054,4.398898429701299,21.07862420987788,0,1
Louisville,32,71.2456676535052,1.3755112374201286,59.01049039994054,4.398898429701299,21.07862420987788,0,1
Richmond,1,48.7842533233013,0.8999251879265092,60.929767359499365,2.088347237012066,35.285108623132686,0,0
Richmond,2,50.0324346088062,0.8999251879265092,60.929767359499365,2.088347237012066,35.285108623132686,0,0
Richmond,3,50.43218511839335,0.8999251879265092,60.929767359499365,2.088347237012066,35.285108623132686,0,0
Richmond,4,49.19736130413972,0.8999251879265092,60.929767359499365,2.088347237012066,35.285108623132686,0,0
Richmond,5,49.3273239917128,0.8999251879265092,60.929767359499365,2.088347237012066,35.285108623132686,0,0
Richmond,6,49.54662267008385,0.8999251879265092,60.929767359499365,2.088347237012066,35.285108623132686,0,0
Richmond,7,51.93246738044549,0.8999251879265092,60.929767359499365,2.088347237012066,35.285108623132686,0,0
Richmond,8,52.76477620663494,0.8999251879265092,60.929767359499365,2.088347237012066,35.285108623132686,0,0
Richmond,9,52.78165830820371,0.8999251879265092,60.929767359499365,2.088347237012066,35.285108623132686,0,0
Richmond,10,50.30773393249826,0.8999251879265092,60.929767359499365,2.088347237012066,35.285108623132686,0,0
Richmond,11,50.721040025310664,0.8999251879265092,60.929767359499365,2.088347237012066,35.285108623132686,0,0
Richmond,12,50.17082293269719,0.8999251879265092,60.929767359499365,2.088347237012066,35.285108623132686,0,0
Richmond,13,54.05745861949069,0.8999251879265092,60.929767359499365,2.088347237012066,35.285108623132686,0,0
Richmond,14,51.422409102258726,0.8999251879265092,60.929767359499365,2.088347237012066,35.285108623132686,0,0
Richmond,15,52.10842488899611,0.8999251879265092,60.929767359499365,2.088347237012066,35.285108623132686,0,0
Richmond,16,51.73236268847177,0.8999251879265092,60.929767359499365,2.088347237012066,35.285108623132686,0,0
Richmond,17,52.654465501112476,0.8999251879265092,60.929767359499365,2.088347237012066,35.285108623132686,0,0
Richmond,18,51.345139310514874,0.8999251879265092,60.929767359499365,2.088347237012066,35.285108623132686,0,0
Richmond,19,52.00903214458212,0.8999251879265092,60.929767359499365,2.088347237012066,35.285108623132686,0,0
Richmond,20,51.80894801734706,0.8999251879265092,60.929767359499365,2.088347237012066,35.285108623132686,0,0
Richmond,21,50.21529970397841,0.8999251879265092,60.929767359499365,2.088347237012066,35.285108623132686,0,1
Richmond,22,53.508841202011254,0.8999251879265092,60.929767359499365,2.088347237012066,35.285108623132686,0,1
Richmond,23,54.239098114573906,0.8999251879265092,60.929767359499365,2.088347237012066,35.285108623132686,0,1
Richmond,24,54.66745375989288,0.8999251879265092,60.929767359499365,2.088347237012066,35.285108623132686,0,1
Richmond,25,55.52435587075055,0.8999251879265092,60.929767359499365,2.088347237012066,35.285108623132686,0,1
Richmond,26,54.943164023522975,0.8999251879265092,60.929767359499365,2.088347237012066,35.285108623132686,0,1
Richmond,27,53.86677169981429,0.8999251879265092,60.929767359499365,2.088347237012066,35.285108623132686,0,1
Richmond,28,54.75505032720945,0.8999251879265092,60.929767359499365,2.088347237012066,35.285108623132686,0,1
Richmond,29,53.61612952289235,0.8999251879265092,60.929767359499365,2.088347237012066,35.285108623132686,0,1
Richmond,30,55.35467162364152,0.8999251879265092,60.929767359499365,2.088347237012066,35.285108623132686,0,1
Richmond,31,54.208719601516485,0.8999251879265092,60.929767359499365,2.088347237012066,35.285108623132686,0,1
Richmond,32,51.9134053615063,0.8999251879265092,60.929767359499365,2.088347237012066,35.285108623132686,0,1
Boise,1,96.21047613267889,1.6200865314348367,65.19089988485973,11.44309253002566,27.51046354868352,0,0
Boise,2,96.47178511369329,1.6200865314348367,65.19089988485973,11.44309253002566,27.51046354868352,0,0
Boise,3,95.13821344730314,1.6200865314348367,65.19089988485973,11.44309253002566,27.51046354868352,0,0
Boise,4,97.26734040230956,1.6200865314348367,65.19089988485973,11.44309253002566,27.51046354868352,0,0
Boise,5,98.27272589152273,1.6200865314348367,65.19089988485973,11.44309253002566,27.51046354868352,0,0
Boise,6,95.61101386253968,1.6200865314348367,65.19089988485973,11.44309253002566,27.51046354868352,0,0
Boise,7,98.05548608343359,1.6200865314348367,65.19089988485973,11.44309253002566,27.51046354868352,0,0
Boise,8,98.33919583198785,1.6200865314348367,65.19089988485973,11.44309253002566,27.51046354868352,0,0
Boise,9,96.30787260426348,1.6200865314348367,65.19089988485973,11.44309253002566,27.51046354868352,0,0
Boise,10,97.06662166037283,1.6200865314348367,65.19089988485973,11.44309253002566,27.51046354868352,0,0
Boise,11,96.43649380187367,1.6200865314348367,65.19089988485973,11.44309253002566,27.51046354868352,0,0
Boise,12,97.2038759679193,1.6200865314348367,65.19089988485973,11.44309253002566,27.51046354868352,0,0
Boise,13,97.98832787904604,1.6200865314348367,65.19089988485973,11.44309253002566,27.51046354868352,0,0
Boise,14,99.59779628360026,1.6200865314348367,65.19089988485973,11.44309253002566,27.51046354868352,0,0
Boise,15,97.58163395901549,1.6200865314348367,65.19089988485973,11.44309253002566,27.51046354868352,0,0
Boise,16,96.63272652295755,1.6200865314348367,65.19089988485973,11.44309253002566,27.51046354868352,0,0
Boise,17,94.87498984300754,1.6200865314348367,65.19089988485973,11.44309253002566,27.51046354868352,0,0
Boise,18,97.9949869837332,1.6200865314348367,65.19089988485973,11.44309253002566,27.51046354868352,0,0
Boise,19,97.37219263412068,1.6200865314348367,65.19089988485973,11.44309253002566,27.51046354868352,0,0
Boise,20,99.32102632915735,1.6200865314348367,65.19089988485973,11.44309253002566,27.51046354868352,0,0
Boise,21,99.5236246737843,1.6200865314348367,65.19089988485973,11.44309253002566,27.51046354868352,0,1
Boise,22,97.49400151680317,1.6200865314348367,65.19089988485973,11.44309253002566,27.51046354868352,0,1
Boise,23,99.983078792429,1.6200865314348367,65.19089988485973,11.44309253002566,27.51046354868352,0,1
Boise,24,99.444425906729,1.6200865314348367,65.19089988485973,11.44309253002566,27.51046354868352,0,1
Boise,25,99.54450664626425,1.6200865314348367,65.19089988485973,11.44309253002566,27.51046354868352,0,1
Boise,26,99.37363404892095,1.6200865314348367,65.19089988485973,11.44309253002566,27.51046354868352,0,1
Boise,27,101.30082368135939,1.6200865314348367,65.19089988485973,11.44309253002566,27.51046354868352,0,1
Boise,28,101.01182381958004,1.6200865314348367,65.19089988485973,11.44309253002566,27.51046354868352,0,1
Boise,29,100.67299303314437,1.6200865314348367,65.19089988485973,11.44309253002566,27.51046354868352,0,1
Boise,30,101.97944495469224,1.6200865314348367,65.19089988485973,11.44309253002566,27.51046354868352,0,1
Boise,31,100.79000726481028,1.6200865314348367,65.19089988485973,11.44309253002566,27.51046354868352,0,1
Boise,32,101.06475514743738,1.6200865314348367,65.19089988485973,11.44309253002566,27.51046354868352,0,1
Des Moines,1,65.72865893274772,0.5403979634291858,53.14726844062429,9.978210279104385,34.29850253036226,0,0
Des Moines,2,64.91180470052817,0.5403979634291858,53.14726844062429,9.978210279104385,34.29850253036226,0,0
Des Moines,3,63.9438788512861,0.5403979634291858,53.14726844062429,9.978210279104385,34.29850253036226,0,0
Des Moines,4,67.65122557450327,0.5403979634291858,53.14726844062429,9.978210279104385,34.29850253036226,0,0
Des Moines,5,66.81791452001788,0.5403979634291858,53.14726844062429,9.978210279104385,34.29850253036226,0,0
Des Moines,6,64.27696091825196,0.5403979634291858,53.14726844062429,9.978210279104385,34.29850253036226,0,0
Des Moines,7,64.8064424144159,0.5403979634291858,53.14726844062429,9.978210279104385,34.29850253036226,0,0
Des Moines,8,64.85751764097198,0.5403979634291858,53.14726844062429,9.978210279104385,34.29850253036226,0,0
Des Moines,9,64.45789971778854,0.5403979634291858,53.14726844062429,9.978210279104385,34.29850253036226,0,0
Des Moines,10,66.87078780624005,0.5403979634291858,53.14726844062429,9.978210279104385,34.29850253036226,0,0
Des Moines,11,68.38885492955816,0.5403979634291858,53.14726844062429,9.978210279104385,34.29850253036226,0,0
Des Moines,12,67.20085987794609,0.5403979634291858,53.14726844062429,9.978210279104385,34.29850253036226,0,0
Des Moines,13,68.7573036836351,0.5403979634291858,53.14726844062429,9.978210279104385,34.29850253036226,0,0
Des Moines,14,66.53435839356969,0.5403979634291858,53.14726844062429,9.978210279104385,34.29850253036226,0,0
Des Moines,15,67.50183499885212,0.5403979634291858,53.14726844062429,9.978210279104385,34.29850253036226,0,0
Des Moines,16,66.22436451961993,0.5403979634291858,53.14726844062429,9.978210279104385,34.29850253036226,0,0
Des Moines,17,67.51208089156367,0.5403979634291858,53.14726844062429,9.978210279104385,34.29850253036226,0,0
Des Moines,18,68.9251917576393,0.5403979634291858,53.14726844062429,9.978210279104385,34.29850253036226,0,0
Des Moines,19,68.6425420118921,0.5403979634291858,53.14726844062429,9.978210279104385,34.29850253036226,0,0
Des Moines,20,69.16069487060838,0.5403979634291858,53.14726844062429,9.978210279104385,34.29850253036226,0,0
Des Moines,21,67.59703178170018,0.5403979634291858,53.14726844062429,9.978210279104385,34.29850253036226,0,1
Des Moines,22,69.33147114074993,0.5403979634291858,53.14726844062429,9.978210279104385,34.29850253036226,0,1
Des Moines,23,70.12654651271164,0.5403979634291858,53.14726844062429,9.978210279104385,34.29850253036226,0,1
Des Moines,24,69.21256781167786,0.5403979634291858,53.14726844062429,9.978210279104385,34.29850253036226,0,1
Des Moines,25,67.01817187457216,0.5403979634291858,53.14726844062429,9.978210279104385,34.29850253036226,0,1
Des Moines,26,69.17509210757812,0.5403979634291858,53.14726844062429,9.978210279104385,34.29850253036226,0,1
Des Moines,27,69.27942357201854,0.5403979634291858,53.14726844062429,9.978210279104385,34.29850253036226,0,1
Des Moines,28,68.32980617816605,0.5403979634291858,53.14726844062429,9.978210279104385,34.29850253036226,0,1
Des Moines,29,68.04934614904313,0.5403979634291858,53.14726844062429,9.978210279104385,34.29850253036226,0,1
Des Moines,30,68.46147553440012,0.5403979634291858,53.14726844062429,9.978210279104385,34.29850253036226,0,1
Des Moines,31,70.96497411541546,0.5403979634291858,53.14726844062429,9.978210279104385,34.29850253036226,0,1
Des Moines,32,69.89589561564235,0.5403979634291858,53.14726844062429,9.978210279104385,34.29850253036226,0,1
